seccion,numero seccion,circuito,codigo circuito,centro de votacion,mesa,UNITE POR LA LIBERTAD Y LA DIGNIDAD P195,PARTIDO HUMANISTA P22,CORDOBA CAMBIA A500,ENCUENTRO VECINAL CORDOBA P217,UCeDe 20,POLITICA ABIERTA PARA LA INTEGRIDAD SOCIAL P231,UCR 3,FRENTE DE IZQUIERDA Y DE LOS TRABAJADORES A830,MOVIMIENTO DE AVANZADA SOCIALISTA P238,HACEMOS POR CORDOBA A601,MOVIMIENTO DE ACCION VECINAL P57,VECINALISMO INDEPENDIENTE P191,UNION CIUDADANA P200,MST - NUEVA IZQUIERDA A300,TOTAL VOTOS AGRUPACIONES POLITICA,VOTOS EN BLANCO,VOTOS NULOS,VOTOS RECURRIDOS,TOTAL DE VOTOS ESCRUTADOS
Capital,1,SECCIONAL PRIMERA,1,CENTRO EDUC.NIVEL MEDIO ADULTO,1,0,1,45,11,2,0,26,14,0,72,3,4,3,15,0,35,8,0,240
Capital,1,SECCIONAL PRIMERA,1,CENTRO EDUC.NIVEL MEDIO ADULTO,4,0,2,58,18,2,0,15,8,0,58,2,3,2,12,217,29,8,0,217
Capital,1,SECCIONAL PRIMERA,1,CENTRO EDUC.NIVEL MEDIO ADULTO,6,0,1,64,18,1,0,26,18,1,43,2,6,5,7,204,18,0,0,222
Capital,1,SECCIONAL PRIMERA,1,CENTRO EDUC.NIVEL MEDIO ADULTO,7,1,3,61,17,0,0,17,18,0,51,1,7,5,10,198,18,4,3,216
Capital,1,SECCIONAL PRIMERA,1,COL NAC DE MONSERRAT,20,0,3,44,17,0,0,24,9,0,64,1,3,4,10,179,33,0,7,219
Capital,1,SECCIONAL PRIMERA,1,ESC SANTA TERESA DE JESUS,45,0,2,44,21,0,1,33,9,0,55,2,3,1,13,184,21,7,1,213
Capital,1,SECCIONAL SEGUNDA,2,ESC JUAN BAUTISTA ALBERDI,55,1,4,41,13,2,2,24,16,1,64,2,2,9,11,0,34,0,3,225
Capital,1,SECCIONAL SEGUNDA,2,ESC JUAN BAUTISTA ALBERDI,62,2,11,37,14,0,1,20,12,0,62,0,2,1,8,170,45,0,0,215
Capital,1,SECCIONAL TERCERA,3,ESC SANTO TOMAS,99,1,2,52,12,2,1,14,22,3,67,1,8,5,8,0,31,3,1,0
Capital,1,SECCIONAL TERCERA,3,ESC NORMAL ALEJANDRO CARBO,100,0,2,58,25,0,0,21,22,2,53,3,4,6,11,0,23,9,0,0
Capital,1,SECCIONAL TERCERA,3,ESC NORMAL ALEJANDRO CARBO,109,0,2,60,21,1,0,27,21,0,76,2,3,3,7,223,27,6,0,256
Capital,1,SECCIONAL TERCERA,3,ESC NORMAL ALEJANDRO CARBO,110,0,4,48,23,4,0,24,18,0,57,0,4,7,11,200,22,8,2,232
Capital,1,SECCIONAL TERCERA,3,ESC NORMAL ALEJANDRO CARBO,111,0,1,59,19,0,0,13,12,0,73,0,1,6,12,196,33,6,0,236
Capital,1,SECCIONAL TERCERA,3,ESC MARIANO MORENO,119,0,4,54,19,0,3,25,22,2,60,0,8,3,11,211,28,6,0,245
Capital,1,NUEVA CORDOBA,4,COL NACIONAL DEAN FUNES,127,0,0,57,24,0,0,16,14,0,60,0,4,2,9,186,16,12,1,215
Capital,1,NUEVA CORDOBA,4,COL NACIONAL DEAN FUNES,129,1,2,39,12,0,0,20,16,0,83,2,6,3,6,190,8,40,4,242
Capital,1,NUEVA CORDOBA,4,COL NACIONAL DEAN FUNES,133,0,4,87,23,2,0,20,11,1,65,0,7,4,13,237,18,6,1,262
Capital,1,NUEVA CORDOBA,4,COL NACIONAL DEAN FUNES,134,0,1,57,17,1,0,26,17,0,61,1,2,2,8,193,17,2,0,212
Capital,1,NUEVA CORDOBA,4,IPEM 38 FRANC. PABLO DE MAURO,187,1,4,69,14,0,1,18,18,0,56,0,9,1,14,208,20,4,4,236
Capital,1,PUEBLO LAS FLORES,4A,ESC COM R ECHEGOYEN,206,1,3,48,19,2,1,28,11,1,90,1,6,1,8,220,33,3,0,256
Capital,1,PUEBLO LAS FLORES,4A,ESC SAN FRANCISCO DE ASIS,212,1,3,55,22,2,1,19,16,2,87,0,12,8,0,228,89,2,5,264
Capital,1,PUEBLO LAS FLORES,4A,ESC SAN FRANCISCO DE ASIS,217,1,2,45,12,0,0,29,15,0,100,0,6,3,6,219,41,6,0,266
Capital,1,PUEBLO LAS FLORES,4A,ESC SAN FRANCISCO DE ASIS,218,0,4,44,18,0,0,27,10,0,92,3,4,5,8,215,36,6,6,263
Capital,1,PUEBLO LAS FLORES,4A,ESC DANTE ALIGHIERI,232,0,10,45,16,0,0,17,18,4,71,2,4,1,10,198,29,6,6,233
Capital,1,VILLA REVOL,4B,INST EDUC NTRA SEÑORA,250,0,1,54,25,2,0,28,15,2,67,0,10,7,6,217,30,6,0,253
Capital,1,VILLA REVOL,4B,INST EDUC NTRA SEÑORA,253,0,2,54,0,0,0,23,13,0,52,0,9,2,16,0,35,0,0,0
Capital,1,VILLA REVOL,4B,ESC ING MASJOAN,259,0,3,55,29,0,1,14,10,2,84,2,9,7,8,224,24,6,0,254
Capital,1,VILLA REVOL,4B,COL PARROQUIAL CRISTO REDENTOR,283,0,3,47,24,1,0,24,15,1,87,3,11,2,10,0,34,7,0,269
Capital,1,INAUDI,4C,IPEN 310- PUERTO ARGENTINO,293,1,6,42,34,0,0,27,12,0,94,0,8,2,8,234,43,8,0,285
Capital,1,NUESTRO HOGAR III,4E,ESC.SABIN,307,0,6,40,24,0,1,18,5,1,104,2,0,1,10,0,33,14,0,254
Capital,1,NUESTRO HOGAR III,4E,ESC.SABIN,308,0,0,21,8,0,1,18,8,1,85,2,2,2,1,149,65,5,13,232
Capital,1,CIUDAD OBISPO ANGELELLI,4F,NSC.OSCAR RAUL MALVASIO,321,0,0,6,14,0,1,12,4,1,121,2,0,0,1,162,26,7,1,196
Capital,1,ALTAMIRA,5,ESC ESPAÑA,328,0,4,27,22,0,0,27,13,0,83,0,3,5,10,194,37,13,0,244
Capital,1,ALTAMIRA,5,ESC ESPAÑA,333,1,3,35,12,0,0,23,12,2,98,1,2,0,3,192,44,6,0,242
Capital,1,ALTAMIRA,5,ESC PANAMERICANA,351,0,3,16,10,2,1,15,7,0,100,4,6,3,7,174,41,10,0,225
Capital,1,EMPALME,5C,INST SEC EMPALME GONZALEZ LACA,416,0,3,42,17,0,1,19,9,1,83,0,5,2,8,190,49,0,11,250
Capital,1,VILLA BUSTOS,5E,IPEM 136 DR ALFREDO PALACIOS,475,0,1,10,12,1,1,24,2,2,120,2,3,0,2,200,28,9,0,237
Capital,1,RENACIMIENTO,5F,ESC M COOPERATIVISMO ARGENTINO,486,0,1,12,15,0,0,18,4,1,114,1,2,0,0,168,53,25,0,246
Capital,1,RENACIMIENTO,5F,ESC M COOPERATIVISMO ARGENTINO,488,0,3,17,12,0,6,10,4,3,120,0,0,1,1,177,0,16,1,239
Capital,1,RENACIMIENTO,5F,ESC M COOPERATIVISMO ARGENTINO,493,0,1,12,9,0,6,11,7,0,123,0,3,0,3,175,65,3,0,243
Capital,1,SAN VICENTE,5G,ESC SANTA MARGARITA DE CORTONA,502,1,3,42,15,0,1,19,15,1,80,2,4,1,7,191,39,4,0,234
Capital,1,SAN VICENTE,5G,ESC PTE RIVADAVIA,523,1,3,41,6,1,2,23,12,1,75,0,3,4,6,173,47,8,0,228
Capital,1,SAN VICENTE,5G,ESC PTE RIVADAVIA,525,0,1,40,12,0,1,16,17,0,84,1,8,1,4,185,30,13,0,228
Capital,1,COLINAS DEL SUR,5I,ESC.PTE. JUAN D.PERÓN,554,0,3,22,8,2,0,24,2,0,106,0,3,1,1,215,0,0,0,215
Capital,1,GRAL PAZ,6C,ESC RAMON J CARCANO,585,0,3,51,25,2,1,23,19,0,64,1,6,2,11,0,38,2,1,249
Capital,1,GRAL PAZ,6C,ESC NORMAL GARZON AGULLA,601,0,6,60,22,0,1,20,14,1,67,1,7,0,7,206,2,5,0,213
Capital,1,GRAL PAZ,6C,ESC NORMAL GARZON AGULLA,603,0,3,51,17,1,1,24,25,2,59,0,3,1,16,173,50,8,0,231
Capital,1,JUNIORS,6D,ESC GABRIELA MISTRAL,620,0,5,59,20,1,0,22,19,1,77,0,6,2,10,222,28,8,0,258
Capital,1,JUNIORS,6D,ESC BRIGADIER C SAAVEDRA,625,0,3,54,9,2,0,17,29,0,79,2,7,2,4,208,26,6,0,240
Capital,1,YAPEYU,6F,ESC R GÜIRALDES,643,0,9,32,15,1,1,12,13,0,89,2,3,1,3,181,53,0,3,237
Capital,1,YAPEYU,6F,ESC R GÜIRALDES,653,0,7,26,10,0,0,12,7,0,124,0,1,0,7,0,0,0,0,0
Capital,1,YAPEYU,6F,ESC GDOR AMADEO SABATTINI,662,0,0,25,6,1,0,16,8,0,105,0,3,1,4,169,47,17,3,236
Capital,1,AEROPUERTO,7,ESC JORGE NEWBERY (CIRC 7F),667,0,1,11,2,0,0,6,1,0,30,0,1,2,0,54,12,1,0,67
Capital,1,GUIÑAZU,7A,ESC  UNESCO,683,0,2,20,11,1,0,17,3,0,116,3,0,1,7,223,11,11,0,243
Capital,1,ALTA CORDOBA,7B,ESC PCIA DE ENTRE RIOS,713,1,3,50,17,0,5,21,14,1,83,0,7,1,11,214,36,4,0,254
Capital,1,ALTA CORDOBA,7B,ESC PCIA DE ENTRE RIOS,714,0,1,41,19,2,0,19,13,0,87,0,4,6,5,197,41,6,3,247
Capital,1,ALTA CORDOBA,7B,INST CORAZON DE MARIA,727,0,3,39,14,0,0,20,15,0,85,2,9,5,6,0,32,4,3,237
Capital,1,MARQUES DE SOBREMONTE,7E,ESC HONORATO LACONI,784,0,1,56,20,0,0,20,14,1,93,1,6,2,10,225,41,6,0,272
Capital,1,MARQUES DE SOBREMONTE,7E,ESC PETER PAN,810,3,4,49,10,0,0,20,7,0,95,0,5,0,6,199,41,4,0,240
Capital,1,JORGE NEWBERY,7F,ESC JORGE NEWBERY,832,0,3,22,10,1,1,18,5,0,112,0,1,1,5,179,52,7,0,238
Capital,1,PANAMERICANO,7G,ESC GOBERNADOR MANUEL LOPEZ,855,0,2,29,10,0,0,21,12,1,108,0,10,3,3,199,50,0,1,249
Capital,1,PANAMERICANO,7G,ESC GOBERNADOR MANUEL LOPEZ,857,1,0,39,11,2,0,24,5,1,93,2,2,0,4,149,33,10,1,228
Capital,1,PANAMERICANO,7G,ESC GOBERNADOR MANUEL LOPEZ,858,0,1,29,13,0,0,29,10,1,95,1,2,1,4,185,4,0,5,194
Capital,1,PANAMERICANO,7G,ESC ARTURO CAPDEVILA,862,0,3,41,12,0,0,19,11,0,105,0,7,0,6,204,48,8,0,260
Capital,1,PANAMERICANO,7G,ESC FRANCISCO VIDAL,880,2,2,36,4,0,0,22,9,2,117,1,2,2,3,202,49,4,3,258
Capital,1,LA FLORESTA NORTE,8,ESC  RABINDRANAT TAGORE,894,1,1,12,3,1,0,18,2,0,79,0,1,1,2,121,34,2,8,165
Capital,1,PUEYRREDON,8B,ESC DEAN FUNES,929,1,2,39,12,0,0,20,16,0,83,2,6,3,3,190,40,8,4,242
Capital,1,PUEYRREDON,8B,INST SAGRADO CORAZON,941,1,3,39,13,1,1,16,7,0,110,1,2,2,6,201,31,10,0,242
Capital,1,PUEYRREDON,8B,ESC ROBLES,943,1,2,38,8,0,1,15,10,1,101,0,4,2,9,192,42,9,0,244
Capital,1,PUEYRREDON,8B,INST SAGRADA FAMILIA,957,0,0,43,14,0,0,1,7,1,84,1,5,1,6,176,42,6,1,225
Capital,1,PUEYRREDON,8B,INST SAGRADA FAMILIA,961,0,3,45,16,0,0,22,8,0,87,1,3,3,5,0,0,0,0,0
Capital,1,VILLA LOS PINOS,8C,ESC TRINIDAD MORENO(IPEM 174),965,0,0,28,6,2,2,23,9,7,116,0,3,1,3,198,41,12,0,251
Capital,1,VILLA LOS PINOS,8C,ESC TRINIDAD MORENO(IPEM 174),975,0,5,38,13,0,2,35,9,1,88,1,6,1,7,206,33,0,0,239
Capital,1,ESCOBAR,9,ESC PROVINCIA DE CORRIENTES,992,0,3,92,20,1,0,14,11,0,62,0,2,6,6,217,29,5,0,251
Capital,1,ESCOBAR,9,INST ESCUTI,1002,0,1,57,27,4,0,26,22,2,72,0,13,4,6,234,26,2,4,266
Capital,1,LA FRANCE,9A,ESC MAHATMA GANDHI,1011,0,1,54,14,2,1,17,13,1,86,0,7,3,8,207,27,4,0,238
Capital,1,LA FRANCE,9A,COL PQUIAL C NAMUNCURA,1018,0,3,54,11,0,0,14,7,0,82,0,3,1,8,183,32,9,0,224
Capital,1,LOS PARAISOS,9C,COLEGIO FERMIN LAFITTE,1057,1,2,43,15,0,4,18,8,0,92,1,1,2,4,189,44,8,0,241
Capital,1,LOS PARAISOS,9C,ESC JUVENILIA,1064,0,3,38,6,3,1,23,5,0,71,2,7,2,6,0,48,9,11,0
Capital,1,LOS PARAISOS,9C,ESC PCIA  DE MISIONES,1082,0,2,40,8,2,0,26,7,0,81,3,0,3,8,180,53,9,0,242
Capital,1,POETA LUGONES,9D,COL EL SALVADOR,1083,0,6,62,22,0,0,21,13,0,70,1,6,2,10,213,33,5,10,261
Capital,1,POETA LUGONES,9D,ESC LEOPOLDO LUGONES,1097,1,3,50,16,1,0,28,12,0,85,1,7,6,11,180,39,2,0,221
Capital,1,POETA LUGONES,9D,ESC LEOPOLDO LUGONES,1099,0,3,63,16,0,2,23,8,1,90,0,10,4,6,226,41,4,0,271
Capital,1,POETA LUGONES,9D,ESC LEOPOLDO LUGONES,1100,1,5,72,13,0,0,27,9,0,112,0,4,3,11,256,9,5,0,270
Capital,1,PROVIDENCIA,9E,ESC PTE HIPOLITO YRIGOYEN,1111,0,4,26,15,0,0,32,8,0,91,0,5,4,3,188,36,6,0,230
Capital,1,PROVIDENCIA,9E,ESC PTE HIPOLITO YRIGOYEN,1116,2,2,47,14,0,2,16,14,2,72,0,2,2,15,190,32,0,5,227
Capital,1,PROVIDENCIA,9E,ESC PTE HIPOLITO YRIGOYEN,1124,0,3,57,17,0,2,21,16,1,77,0,3,6,8,213,23,0,2,238
Capital,1,VILLA CABRERA,9G,INSTITUTO PEÑA,1170,0,4,60,12,2,0,19,18,1,71,1,7,2,15,212,26,2,1,241
Capital,1,VILLA CABRERA,9G,INSTITUTO PEÑA,1172,0,1,67,14,2,0,16,14,0,109,3,5,1,7,242,8,8,0,258
Capital,1,VILLA CABRERA,9G,INSTITUTO PEÑA,1178,0,5,75,20,3,2,21,10,0,55,0,5,3,15,220,4,20,0,244
Capital,1,BELLA VISTA,10,INST EDUCACION CORDOBA,1208,0,3,37,10,4,0,14,15,2,93,2,1,2,4,187,34,7,0,228
Capital,1,BELLA VISTA,10,INST EDUCACION CORDOBA,1211,0,5,48,24,1,2,18,12,0,69,2,2,3,10,0,39,1,4,240
Capital,1,BELLA VISTA,10,INST EDUCACION CORDOBA,1215,0,7,36,8,2,0,18,26,3,89,0,4,11,0,250,40,3,0,250
Capital,1,BELLA VISTA,10,E.N.E.T. N°1 DR A SABATTINI,1225,0,3,57,10,0,0,15,15,0,80,0,2,1,4,187,27,11,0,223
Capital,1,BELLA VISTA,10,ESC MANUEL BELGRANO,1228,0,1,36,15,0,1,18,14,0,89,1,6,3,7,191,42,4,0,237
Capital,1,ESTACION FLORES,10E,ESC  ALAS ARGENTINA,1341,0,3,16,10,2,1,15,7,0,100,4,6,3,7,174,41,10,0,225
Capital,1,MATIENZO,10F,ESC AERONAUTICA ARGENTINA,1368,0,3,33,19,0,0,23,14,1,85,1,9,1,10,199,59,4,0,262
Capital,1,MATIENZO,10F,COL NUESTRA SEÑORA DE FATIMA,1374,0,1,43,22,0,1,20,11,1,92,2,8,2,8,211,45,4,1,261
Capital,1,MATIENZO,10F,COL NUESTRA SEÑORA DE FATIMA,1381,0,5,41,24,0,1,14,11,0,85,2,5,5,8,202,41,13,0,256
Capital,1,OBSERVATORIO,10G,E.N.E.T. N° 4 COPERNICO,1408,0,2,36,20,0,1,10,13,1,74,0,7,4,13,180,33,6,4,224
Capital,1,OBSERVATORIO,10G,E.N.E.T. N° 4 COPERNICO,1418,0,1,44,30,0,0,21,15,1,62,2,4,3,11,237,43,6,1,244
Capital,1,OBSERVATORIO,10G,EE UU DE NORTEAMERICA,1427,0,4,43,15,2,0,33,21,21,0,60,1,5,4,196,24,3,0,228
Capital,1,OBSERVATORIO,10G,EE UU DE NORTEAMERICA,1428,0,6,39,27,3,0,24,13,1,74,1,4,3,7,200,4,3,0,209
Capital,1,PARQUE CAPITAL,10H,ESC GDOR EMILIO OLMOS,1462,0,3,45,19,0,1,21,14,0,94,1,4,2,12,216,26,1,7,250
Capital,1,PARQUE CAPITAL,10H,ESC MUNIC DR A DEL CASTILLO,1483,0,6,47,7,2,1,25,26,2,77,0,10,4,10,217,45,10,0,272
Capital,1,PARQUE HORIZONTE,10I,PRIMARIA ELPIDIO TORRES,1501,1,1,62,31,0,2,16,16,1,72,1,8,5,15,234,36,0,4,274
Capital,1,VICOR,10K,ESC BENITO SORIA,1571,0,2,33,15,1,4,27,9,0,101,0,0,0,0,192,0,0,0,0
Capital,1,VILLA EL LIBERTADOR,10L,ESC MUNIC ALICIA MOREAU DE JUS,1605,2,3,32,6,1,0,15,4,1,116,0,1,2,3,0,68,11,0,186
Capital,1,VILLA EL LIBERTADOR,10L,COL SAN JOSE OBRERO,1625,0,2,12,5,1,2,16,5,0,145,0,3,0,2,194,45,3,4,246
Capital,1,AERONAUTICO,11,ESC ISABEL LA CATOLICA,1666,1,3,51,8,0,0,17,9,1,86,1,3,3,8,234,37,5,1,234
Capital,1,ALTO ALBERDI,11A,ESC SUP DE COMERCIO H VIEYTES,1690,0,0,52,14,0,0,14,10,1,90,0,2,1,9,193,30,0,9,232
Capital,1,LAS PALMAS,11C,ESC MANUEL E PIZARRO,1779,0,2,44,16,1,0,22,14,1,108,1,5,15,0,214,41,5,0,260
Capital,1,LOS NARANJOS,11D,INST JESUS MARIA,1804,0,0,54,19,0,2,22,13,1,76,1,9,1,8,206,24,0,8,238
Capital,1,LOS PLATANOS,11E,ESC JOSE MARMOL,1854,0,4,44,7,0,1,14,18,0,102,1,3,3,4,201,52,0,10,263
Capital,1,LOS PLATANOS,11E,ESC PADRE T GAMBINO,1872,0,5,44,11,0,2,23,8,1,100,0,2,0,5,199,35,7,13,256
Capital,1,LOS ROBLES,11F,ESC BATERIA LIBERTAD,1906,1,6,48,26,0,1,23,12,0,86,0,5,2,4,0,33,7,0,254
Capital,1,LOS ROBLES,11F,ESC BATERIA LIBERTAD,1907,0,1,46,15,0,2,25,10,1,86,0,7,1,2,196,60,6,1,263
Capital,1,QUEBRADA LAS ROSAS,11H,ESC REPUBLICA DE VENEZUELA,1968,1,5,72,24,0,0,17,17,1,79,2,7,1,3,229,38,1,4,272
Capital,1,RESIDENCIAL SAN ROQUE,11I,ESC MAURO FERNANDEZ,1984,0,3,26,8,1,0,22,4,2,114,0,5,1,2,188,50,8,4,250
Capital,1,SANTA ANA,11J,ESC ROMA,2016,1,0,58,19,0,0,17,14,0,80,0,4,4,8,205,36,2,7,250
Capital,1,SANTA ANA,11J,ESC ROMA,2032,0,0,60,26,0,0,14,10,0,75,0,4,4,9,202,36,10,0,248
Capital,1,SANTA ANA,11J,ESC GENERAL MOSCONI,2063,0,3,52,18,0,0,23,13,1,82,0,8,2,12,215,39,8,0,262
Capital,1,SANTA ANA,11J,ESC GENERAL MOSCONI,2064,0,2,54,18,1,0,25,18,1,80,1,3,4,13,220,43,1,0,264
Capital,1,VILLA GRAL URQUIZA,11K,ESC EJERCITO ARGENTINO,2073,1,4,28,9,0,1,14,6,2,111,0,3,1,3,183,47,4,0,234
Capital,1,VILLA GRAL URQUIZA,11K,COL MADRE PAULA MONTAL,2094,0,1,29,6,0,0,15,0,0,92,0,2,1,5,159,42,8,6,231
Capital,1,COLON,12B,ESC BARTOLOME HIDALGO,2198,0,4,38,17,1,0,19,12,1,81,0,8,4,6,185,34,22,0,241
Capital,1,COLON,12B,ESC HILARIO ASCASUBI,2219,1,2,48,17,0,0,30,8,3,75,2,2,1,5,194,34,1,0,229
Capital,1,COLON,12B,ESC HILARIO ASCASUBI,2220,1,1,48,20,1,0,25,11,0,85,3,4,3,3,205,32,5,0,242
Capital,1,COLON,12B,INST MANUEL BELGRANO,2222,0,1,42,15,0,1,25,6,1,95,0,11,3,5,205,31,5,0,241
Capital,1,COLON,12B,ESC DR LUIS A CAEIRO,2230,0,4,42,6,0,0,18,9,2,91,2,10,5,7,199,40,7,0,244
Capital,1,JOSE IGNACIO DIAZ,12D,ESC MUNIC DR ARTURO H ILLIA,2284,0,1,24,10,0,0,22,7,0,104,1,2,2,5,0,51,8,0,237
Capital,1,FERREYRA,12E,ESC REPUBLICA DE COSTA RICA,2324,0,2,27,7,0,6,19,3,0,117,0,1,0,0,84,47,0,2,231
Capital,1,FERREYRA,12E,ESC REPUBLICA DE COSTA RICA,2325,0,2,19,4,0,1,9,3,0,131,1,3,0,3,0,31,15,0,242
Capital,1,FERREYRA,12E,ESC REPUBLICA DE COSTA RICA,2327,0,2,15,7,0,0,19,6,1,119,2,1,1,5,0,45,9,0,232
Capital,1,JOSE HERNANDEZ,12F,ESC MUNIC E MOLINARI ROMERO,2342,0,2,54,15,2,0,13,9,0,109,0,5,1,9,219,53,0,5,276
Capital,1,JOSE HERNANDEZ,12F,COL.JOVENES ARGENTINOS,2374,1,8,38,11,1,0,34,9,0,84,2,3,2,10,187,45,0,0,232
Capital,1,ITUZAINGO,12G,ESC EJERCITO ARGENTINO,2418,0,1,40,24,2,2,18,7,0,112,1,9,4,3,223,50,9,0,282
Capital,1,LOS CERVECEROS,12H,ESC MADRE TERESA DE CALCUTA,2437,1,4,43,15,0,0,15,14,0,113,1,6,1,3,216,45,8,0,269
Capital,1,LOS CERVECEROS,12H,ESC RAUL A FERREYRA,2442,0,1,31,16,0,1,16,0,1,105,0,3,4,4,0,8,2,8,212
Capital,1,LEANDRO N. ALEM,13,ESC PADRE DIEGO DE TORRES,2472,0,3,42,18,0,0,18,8,1,109,1,7,2,5,214,30,5,0,249
Capital,1,LEANDRO N. ALEM,13,ESC PADRE DIEGO DE TORRES,2475,1,0,47,19,1,1,38,9,0,92,0,9,1,5,223,29,6,1,259
Capital,1,AYACUCHO,13A,ESC P ALBARRACIN DE SARMIENTO,2539,0,1,44,24,1,0,15,13,1,83,1,4,2,7,0,52,9,1,258
Capital,1,EL GATEADO,13B,ESC FLORENCIO SANCHEZ,2546,1,0,6,2,1,0,4,1,1,45,0,4,0,0,68,14,3,0,85
Capital,1,GENERAL BUSTOS,13C,ESC CAPITAL FEDERAL,2551,0,3,37,19,3,0,20,12,3,75,1,2,1,0,0,44,12,0,0
Capital,1,GENERAL BUSTOS,13C,ESC CRISTO REY,2559,2,9,37,8,0,2,24,6,0,84,1,5,4,7,234,4,20,0,258
Capital,1,GENERAL BUSTOS,13C,COLEGIO HORTUS CONCLUSUS,2577,0,3,38,14,0,1,24,4,0,111,3,1,5,0,192,33,4,0,229
Capital,1,PARQUE LICEO,13G,ESC ESPIRITU SANTO,2642,0,6,26,11,0,0,23,9,0,110,0,5,1,4,195,14,49,0,258
Capital,1,PARQUE LICEO,13G,ESC ESPIRITU SANTO,2649,0,1,35,13,2,1,28,9,1,96,0,4,0,4,194,61,8,0,263
Capital,1,VILLA AZALAIS,13J,ESC CURA BROCHERO,2759,0,2,38,18,0,0,18,7,0,93,0,4,0,5,0,39,6,0,230
Capital,1,CHACHAPOYAS,13O,ESC. CARLOS TAGLE ACHAVAL,2869,0,0,4,5,1,1,8,5,0,113,0,0,0,3,140,67,3,0,210
Capital,1,CHACHAPOYAS,13O,ESC. CARLOS TAGLE ACHAVAL,2870,0,0,5,1,1,0,9,1,0,129,2,0,0,1,149,51,11,0,211
Capital,1,CHACHAPOYAS,13O,ESC. CARLOS TAGLE ACHAVAL,2873,0,1,4,13,0,0,6,5,0,101,0,3,0,4,137,55,5,0,196
Capital,1,ARGUELLO,14,COLEGIO LA SALLE,2877,0,3,85,22,0,0,20,7,0,62,0,5,7,12,223,20,5,1,249
Capital,1,ARGUELLO NORTE,14A,ESC HUGO LEONELLI,2920,0,4,16,12,2,2,16,3,2,117,1,3,1,4,183,52,1,5,241
Capital,1,ARGUELLO NORTE,14A,ESC HUGO LEONELLI,2925,0,4,19,6,0,4,9,6,1,115,1,5,0,0,172,51,9,0,232
Capital,1,ARGUELLO NORTE,14A,ESC HUGO LEONELLI,2927,0,2,22,7,0,1,19,4,0,100,1,3,2,8,169,60,11,0,240
Capital,1,ARGUELLO PRIMERO,14B,ESC ELISA K DE LIVACK,2967,0,6,58,13,1,0,16,15,0,80,2,4,4,6,205,24,1,9,239
Capital,1,CERRO DE LAS ROSAS,14D,ESC JUAN ZORRILA DE SAN MARTIN,2993,0,2,87,37,0,0,14,10,1,54,0,3,5,8,222,27,6,2,257
Capital,1,CERRO DE LAS ROSAS,14D,ESC JUAN ZORRILA DE SAN MARTIN,2996,0,3,83,37,0,0,8,14,1,62,0,7,4,6,225,20,2,4,251
Capital,1,CERRO NORTE,14E,ESC NIÑAS DE AYOHUMA,3015,2,1,38,13,1,0,19,10,1,94,0,2,3,7,191,69,4,0,264
Capital,1,CERRO NORTE,14E,ESC GERONIMO GRAGERA,3018,1,5,30,21,0,1,25,14,0,84,3,5,2,4,195,52,10,0,257
Capital,1,GRANJA DE FUNES,14F,ESC DR ALEJANDRO GALLARDO,3028,1,3,54,20,0,1,21,15,0,64,0,4,5,4,192,38,10,4,244
Capital,1,LOS BOULEVARES,14G,ESC MUNIC ING MASJOAN,3043,0,2,41,14,2,2,18,9,1,112,1,4,1,3,211,37,5,3,256
Capital,1,LOS BOULEVARES,14G,ESC MUNIC ING MASJOAN,3049,2,4,40,6,0,0,11,16,2,97,0,3,1,1,183,37,13,3,236
Capital,1,MERCANTIL,14H,ESC ARTEMIO ARAN,3079,11,5,29,16,0,0,14,1,0,117,0,0,0,0,0,0,0,0,0
Capital,1,SANTA CECILIA,14I,ESC MUNIC ARSENIO MURUGARREN,3097,0,3,77,20,2,1,27,12,2,77,0,8,3,11,243,34,6,0,283
Capital,1,URCA,14J,ESC  REPUBLICA DEL LIBANO,3110,1,0,80,25,0,0,29,17,0,65,0,10,1,7,251,26,5,0,265
Capital,1,VILLA CENTENARIO,14M,ESC PRIMERA JUNTA,3172,0,4,56,20,1,2,22,19,1,1,1,4,6,10,207,33,5,0,245
Capital,1,VILLA RIVERA INDARTE,14P,ESC MUNIC DR JORGE ORGAZ,3220,1,6,51,21,0,1,21,13,1,71,2,6,3,12,206,36,5,0,249
Calamuchita,2,EMBALSE,17,ESCUELA B. ROLDAN,3250,0,0,30,0,0,1,29,7,0,121,0,0,0,2,190,57,10,1,258
Calamuchita,2,LOS CONDORES,19,ESC BALDOMERO E FERNANDEZ M,3267,0,0,37,1,0,0,35,0,1,127,2,0,2,0,205,33,4,0,242
Calamuchita,2,LOS CONDORES,19,ESC BALDOMERO E FERNANDEZ M,3269,0,0,45,2,0,0,32,2,0,122,0,1,1,0,0,22,12,0,238
Calamuchita,2,LOS REARTES,20,ESC PROV PEDRO B PALACIOS,3277,0,0,40,1,0,1,16,18,1,99,1,1,0,3,172,45,4,0,221
Calamuchita,2,VILLA DEL DIQUE,24A,ESC.PROV.ALMIRANTE BROWN,3332,0,0,22,6,2,2,19,3,0,115,0,4,0,4,177,48,7,0,232
Calamuchita,2,VILLA DEL DIQUE,24A,ESC.PROV.ALMIRANTE BROWN,3335,0,1,31,7,2,1,19,13,1,102,0,2,2,4,185,8,12,0,205
Calamuchita,2,SAN AGUSTIN,25,ESC. PROV.GRAL. SAN MARTIN,3341,0,0,5,4,0,0,48,2,0,147,1,0,2,1,210,69,1,1,281
Calamuchita,2,SAN AGUSTIN,25,COLEGIO SAN JOSE,3346,0,1,3,0,1,0,44,1,0,152,1,0,0,0,203,72,3,0,278
Colón,3,COLONIA CAROYA,29,COLEGIO PIO LEON,3503,0,1,35,13,2,1,44,5,1,126,0,4,1,2,0,26,8,0,269
Colón,3,COLONIA CAROYA,29,COLEGIO PIO LEON,3504,0,1,38,10,1,1,25,4,2,118,1,8,2,5,216,33,9,0,258
Colón,3,COLONIA CAROYA,29,COLEGIO PIO LEON,3506,0,6,56,6,1,0,32,3,0,107,3,2,5,0,221,23,13,0,257
Colón,3,COLONIA CAROYA,29,ESC. PROV. GRAL SAN MARTIN,3525,0,4,42,2,0,0,33,2,1,148,0,4,0,0,236,7,11,0,254
Colón,3,COLONIA CAROYA,29,ESC. PROV. GRAL SAN MARTIN,3526,1,7,40,4,0,1,41,5,0,87,0,5,2,1,194,55,5,0,254
Colón,3,COLONIA TIROLESA,30,IPET 83 RENE FAVALORO,3557,2,1,54,17,0,1,38,2,1,106,1,4,0,3,230,28,7,0,265
Colón,3,COLONIA TIROLESA,30,IPET 83 RENE FAVALORO,3559,0,6,37,18,0,0,24,1,0,102,0,6,1,6,201,24,4,0,229
Colón,3,COLONIA TIROLESA,30,ESC PROV DR PABLO RUEDA,3564,2,4,32,15,0,2,26,4,3,90,0,3,0,1,182,35,7,0,224
Colón,3,JESUS MARIA,33,PTE DOMINGO F SARMIENTO,3605,2,3,38,16,4,1,17,17,2,84,1,2,0,7,0,35,8,0,237
Colón,3,JUAREZ CELMAN,34,ESC.ATAHUALPA YUPANQUI,3700,1,3,19,4,1,1,27,1,0,105,0,2,2,1,183,39,4,0,190
Colón,3,JUAREZ CELMAN,34,IPET 333 JULIO SALUSSO,3708,0,4,19,5,0,0,23,8,1,134,1,1,0,2,198,28,4,0,230
Colón,3,JUAREZ CELMAN,34,IPET 333 JULIO SALUSSO,3709,0,2,13,9,0,1,24,2,1,119,0,2,0,1,177,36,7,0,220
Colón,3,RIO CEBALLOS,37,INSTITUTO DEL ESPIRITU SANTO,3798,0,5,39,7,0,1,19,17,0,103,2,2,0,12,207,13,27,0,247
Colón,3,RIO CEBALLOS,37,INSTITUTO DEL ESPIRITU SANTO,3808,0,6,49,13,0,0,21,25,2,75,1,8,1,6,200,36,7,0,243
Colón,3,SALSIPUEDES,38,ESCUELA RECONQUISTA,3838,2,1,37,10,0,0,23,9,3,100,0,6,0,11,202,24,15,0,241
Colón,3,UNQUILLO,40,ESC.PROV. D.V.SARSFIELD,3859,0,5,35,11,0,1,24,19,0,105,1,6,4,2,213,30,0,8,251
Colón,3,MENDIOLAZA,40A,ESC.PIAS DE MENDIOLAZA,3906,0,7,51,22,3,0,24,25,1,79,0,8,2,10,232,19,3,0,254
Colón,3,MENDIOLAZA,40A,I.P.E.M.N° 3178,3925,2,7,46,31,1,2,12,17,4,76,0,11,5,6,246,20,6,0,246
Colón,3,VILLA ALLENDE,41,INST GRAL S.MARTIN/17 DE AGOST,3983,1,3,56,28,1,0,12,5,1,77,0,10,3,4,201,25,10,0,236
Colón,3,VILLA ALLENDE,41,INST GRAL S.MARTIN/17 DE AGOST,3986,0,6,58,16,0,0,9,11,1,90,1,5,1,10,211,19,9,0,239
General San Martín,6,TICINO,87,ESC. A. CAPDEVILA,4364,0,4,37,3,0,0,28,0,1,109,0,0,0,2,184,45,7,0,236
General San Martín,6,TICINO,87,ESC. A. CAPDEVILA,4368,0,4,38,2,0,0,45,3,2,137,0,1,1,1,234,18,0,3,255
Ischilín,7,DEAN FUNES,95,ESC.PROV.GRAL SAN MARTIN,4665,0,0,20,5,1,1,28,6,0,131,0,0,0,2,194,39,0,3,236
Ischilín,7,DEAN FUNES,95,ESC.PEDRO N.ARIAS,4677,0,0,28,3,0,0,16,1,0,10,0,0,2,4,162,69,6,0,237
Ischilín,7,TOYOS,101,ESC PROV JOAQUIN V GONZALEZ,4734,0,0,3,0,0,0,26,0,0,13,0,0,0,0,42,4,1,0,47
Juárez Celman,8,ASSUNTA,103,ESC.PROV.D.F.SARMIENTO,4751,0,0,2,0,1,0,4,0,0,43,0,0,1,0,9,0,0,0,60
Juárez Celman,8,BENGOLEA,105,ESC.DR JUAN MANUEL PEREYRA,4752,0,0,34,3,1,1,55,1,1,107,1,2,1,2,209,28,0,0,237
Juárez Celman,8,CABRERA,106,ESC.FRAY PIO BENTIVOGLIO,4775,0,0,70,3,0,0,18,2,0,106,0,0,2,1,192,44,0,9,225
Juárez Celman,8,DEHEZA,109,ESC.PROV.GRAL SAN MARTIN,4817,0,1,54,22,1,0,22,15,0,93,0,2,4,3,217,44,4,1,266
Juárez Celman,8,HUANCHILLA,111,ESC PROV DOMINGO F SARMIENTO,4827,0,0,10,23,0,0,20,0,0,130,0,0,0,0,183,61,2,1,247
Juárez Celman,8,HUANCHILLA,111,ESC PROV DOMINGO F SARMIENTO,4829,0,0,13,13,0,0,4,1,1,125,0,0,0,0,157,59,1,0,217
Juárez Celman,8,LA CARLOTA,112,ESC.NAC.DE COMERCIO,4850,0,0,39,5,3,0,8,1,0,116,0,1,2,1,176,68,10,0,254
Juárez Celman,8,PASO DEL DURAZNO,116A,ESC.PROV.MARTIN DE ALVA,4874,0,1,20,0,1,0,18,0,0,32,0,0,0,0,69,19,1,0,92
Juárez Celman,8,UCACHA,118,ESC.PROV.J.B.ALBERDI,4883,0,0,34,5,2,2,28,1,1,105,0,0,1,4,183,41,3,0,227
Juárez Celman,8,UCACHA,118,ESC.PROV.J.B.ALBERDI,4889,0,30,4,4,0,27,5,0,123,0,0,0,4,0,197,23,0,4,224
Marcos Juárez,9,LOS SURGENTES,132,ESC GENERAL SAN MARTIN,5056,1,1,55,0,0,0,5,2,0,168,0,0,1,0,233,29,2,0,263
Marcos Juárez,9,MARCOS JUAREZ,133,IPEM N°51 NICOLAS AVELLANEDA,5107,1,0,43,1,4,1,30,3,1,128,0,4,1,1,218,15,0,0,233
Marcos Juárez,9,MONTE BUEY,134,ESC MANUEL BELGRANO,5141,0,2,46,4,2,0,40,1,1,144,1,1,1,2,244,7,2,0,253
Marcos Juárez,9,SAIRA,137,INSTITUTO MANUEL BELGRANO,5155,0,0,6,0,0,0,60,0,0,111,0,0,0,0,181,29,2,0,212
Punilla,12,COSQUIN,150,IPEM N°60 M MORENO(EX IPET 13),5280,2,1,36,4,3,0,21,6,2,133,0,4,1,7,220,7,4,0,231
Punilla,12,COSQUIN,150,ESC NORMAL SUP R SAENZ PEÑA,5294,0,0,24,6,3,0,33,7,1,122,2,2,1,4,205,11,0,0,216
Punilla,12,COSQUIN,150,ESC TTE GRAL JULIO A ROCA,5308,0,6,38,6,0,1,19,9,5,98,1,4,2,5,194,16,2,0,212
Punilla,12,VILLA CARLOS PAZ,156,INST ALFONSINA STORNI(EX IESS),5469,0,5,34,11,1,1,21,6,0,97,1,2,1,9,189,21,5,0,215
Punilla,12,VILLA CARLOS PAZ,156,INST ALFONSINA STORNI(EX IESS),5476,1,1,38,2,0,0,12,9,0,21,2,0,0,1,217,0,0,0,217
Punilla,12,VILLA CARLOS PAZ,156,INST ALFONSINA STORNI(EX IESS),5477,0,1,29,5,0,0,7,13,1,144,2,2,1,4,179,24,4,0,207
Punilla,12,VILLA CARLOS PAZ,156,INST ALFONSINA STORNI(EX IESS),5478,0,4,36,10,0,0,22,14,3,116,2,11,0,4,222,30,0,0,261
Punilla,12,VILLA CARLOS PAZ,156,INST ALFONSINA STORNI(EX IESS),5483,0,3,63,3,0,1,20,7,0,88,0,1,1,8,195,27,15,0,23
Punilla,12,VILLA CARLOS PAZ,156,INST ALFONSINA STORNI(EX IESS),5486,0,4,57,11,2,1,16,12,1,112,0,3,2,4,223,16,7,0,246
Punilla,12,VILLA CARLOS PAZ,156,IPEM N° 365-DR RENE FAVALORO,5538,0,7,30,6,2,2,13,6,3,98,2,2,0,4,175,33,7,0,215
Punilla,12,VILLA CARLOS PAZ,156,IPEM N° 365-DR RENE FAVALORO,5541,0,0,44,9,0,0,22,13,2,83,2,3,1,4,183,23,6,0,212
Punilla,12,VILLA CARLOS PAZ,156,IPEM N° 365-DR RENE FAVALORO,5547,0,4,56,14,0,1,14,10,1,94,2,2,3,3,204,22,0,5,231
Punilla,12,VILLA CARLOS PAZ,156,ESC RICARDO BERNABE FERNANDEZ,5569,0,2,51,11,0,1,24,11,0,81,1,4,1,8,0,0,0,0,0
Punilla,12,VILLA CARLOS PAZ,156,COLEGIO COSTA AZUL,5585,1,4,45,4,1,2,15,9,0,92,1,6,1,10,191,24,0,7,222
Punilla,12,VILLA CARLOS PAZ,156,COLEGIO COSTA AZUL,5586,0,2,36,12,0,1,15,6,0,114,1,1,2,6,0,29,7,0,232
Punilla,12,VILLA CARLOS PAZ,156,COLEGIO COSTA AZUL,5590,0,2,56,16,0,0,13,9,1,94,0,5,2,4,202,19,4,0,225
Río Cuarto,13,BANDA NORTE,165,MERC DEL NIÑO JESUS/S FCO ASIS,5791,0,6,32,6,1,0,32,5,1,151,2,2,3,0,241,21,10,0,272
Río Cuarto,13,BANDA NORTE,165,INST SUP RAMON MENENDEZ PIDAL,5792,0,2,7,8,0,1,13,8,3,144,0,1,4,4,195,50,1,13,259
Río Cuarto,13,BANDA NORTE,165,INST SUP RAMON MENENDEZ PIDAL,5793,0,0,25,6,0,0,32,8,0,113,2,0,4,5,0,33,6,0,230
Río Cuarto,13,BANDA NORTE,165,INST SUP RAMON MENENDEZ PIDAL,5794,0,4,43,13,1,0,24,7,2,106,1,1,2,6,210,25,0,5,240
Río Cuarto,13,BANDA NORTE,165,INST SUP RAMON MENENDEZ PIDAL,5795,1,10,21,3,1,0,20,10,1,116,3,0,1,7,194,41,14,0,249
Río Cuarto,13,BANDA NORTE,165,INST SUP RAMON MENENDEZ PIDAL,5801,1,2,30,2,0,0,33,8,0,126,0,2,3,8,215,31,10,0,256
Río Cuarto,13,BANDA NORTE,165,ESC PROVINCIA SANTA CRUZ,5813,0,4,28,1,0,0,27,5,1,138,1,5,0,5,215,27,0,5,247
Río Cuarto,13,LA CAUTIVA,174,ESC PROV JOSE DE SAN MARTIN,5896,0,0,16,1,0,0,48,1,1,84,1,0,0,0,152,21,7,0,180
Río Cuarto,13,LAS HIGUERAS,179,ESC JORGE ALEJANDRO NEWBERY,5917,0,1,38,9,0,1,25,3,1,116,0,1,1,1,197,29,12,0,238
Río Cuarto,13,LAS HIGUERAS,179,ESC JORGE ALEJANDRO NEWBERY,5919,0,9,25,5,0,0,24,4,1,157,0,2,3,4,234,14,10,0,258
Río Cuarto,13,PUEBLO ALBERDI,186,ESC GRAL JUSTO S ANAYA,6026,0,4,17,3,1,0,14,4,2,177,0,1,0,3,1,11,5,0,241
Río Cuarto,13,PUEBLO ALBERDI,186,ESC GRAL JUSTO S ANAYA,6027,0,6,18,1,1,0,18,5,0,123,1,5,1,2,181,26,18,0,225
Río Cuarto,13,PUEBLO ALBERDI,186,ESC GRAL JUSTO S ANAYA,6030,0,0,28,1,0,0,26,0,0,137,1,0,0,3,192,39,8,0,239
Río Cuarto,13,PUEBLO ALBERDI,186,ESC GRAL JUSTO S ANAYA,6032,0,9,16,2,1,0,17,2,0,144,0,2,0,3,196,22,5,0,223
Río Cuarto,13,PUEBLO ALBERDI,186,IPET 314- GRAL J DE SAN MARTIN,6067,0,6,16,1,1,2,2,3,0,138,0,1,0,3,192,19,16,0,227
Río Cuarto,13,RIO CUARTO,188,INST SAN BUENAVENTURA,6101,0,0,47,8,0,1,38,6,0,97,0,1,3,4,205,19,11,0,235
Río Cuarto,13,RIO CUARTO,188,ESC.NORMAL COMERCIAL,6239,0,0,36,4,3,1,29,0,1,98,0,1,2,4,179,38,14,0,231
Río Cuarto,13,RIO CUARTO,188,ESC.NORMAL COMERCIAL,6245,0,3,26,1,0,1,28,4,0,104,0,2,1,5,0,4,10,0,189
Río Cuarto,13,RIO CUARTO,188,ESC.NORMAL COMERCIAL,6246,0,4,43,6,6,0,29,4,0,83,1,5,7,6,194,24,14,0,232
Río Primero,14,COLONIA LAS CUATRO ESQUINAS,201,ESC JOSE MARIA PAZ,6338,0,0,10,0,0,0,15,0,0,49,0,0,0,0,0,23,0,0,97
Río Primero,14,LAS GRAMILLAS,201A,ESC MAEST F BELLORA DE DAVILA,6339,1,0,9,0,0,0,43,0,0,30,0,0,1,1,53,32,1,0,85
Río Primero,14,LAS HERAS,206,ES RAUL AUGUSTO PEDERNERA-411,6361,0,0,7,1,0,0,20,0,0,2,0,0,0,0,30,4,0,0,34
Río Primero,14,MONTE CRISTO,211,ESCUELA 25 DE MAYO,6395,0,1,11,4,0,0,45,2,0,132,0,3,1,2,204,69,0,6,279
Río Seco,15,PUESTO DE CASTRO,226A,ESC.PROV.D.F.SARMIENTO,6473,0,0,2,0,0,0,21,0,0,44,6,0,0,0,73,27,10,0,110
Río Segundo,16,PILAR,240,ESC ZENON LOPEZ,6620,0,1,28,4,3,1,40,6,2,97,1,1,0,2,186,45,10,0,241
Río Segundo,16,PILAR,240,ESC ZENON LOPEZ,6627,0,0,29,3,6,3,35,3,0,116,0,3,0,7,205,3,4,0,212
Río Segundo,16,PILAR,240,ESC ZENON LOPEZ,6628,0,0,31,8,5,0,53,11,2,107,0,1,1,3,222,32,7,0,261
Río Segundo,16,PILAR,240,ESC ZENON LOPEZ,6630,0,1,29,4,0,0,46,4,1,113,0,0,0,2,200,48,9,0,257
Río Segundo,16,PILAR,240,ESC JUAN BAUTISTA BUSTOS,6633,0,0,26,9,0,0,50,1,1,89,0,2,4,5,187,45,8,0,240
Río Segundo,16,PILAR,240,ESC JUAN BAUTISTA BUSTOS,6636,1,1,27,9,1,2,43,4,4,119,2,1,6,2,237,5,5,0,247
Río Segundo,16,PILAR,240,ESC JUAN BAUTISTA BUSTOS,6639,1,1,29,12,1,1,38,8,1,91,0,6,0,3,192,38,8,0,238
Río Segundo,16,PILAR,240,ESC MARIA J GONZALEZ CASEROS,6647,0,2,49,4,2,1,44,5,0,80,0,0,3,3,193,30,0,5,228
Río Segundo,16,PILAR,240,INST CARLOS PELLEGRINI,6656,0,1,28,6,1,0,41,2,1,117,3,3,0,0,203,42,0,7,252
Pte. Roque Sáenz Peña,17,LABOULAYE,248,ESC GRAL CONRADO VILLEGAS,6794,0,4,32,1,1,1,29,2,0,137,0,1,0,1,209,41,6,3,259
Pte. Roque Sáenz Peña,17,LABOULAYE,248,ESC LEONOR DE TEJEDA,6804,0,4,23,3,0,2,38,4,0,104,0,1,0,4,183,45,8,0,236
Pte. Roque Sáenz Peña,17,LABOULAYE,248,IPEM 257 DR RENE FAVALORO,6809,0,5,38,6,1,0,26,1,0,147,0,3,2,0,229,4,0,4,237
Pte. Roque Sáenz Peña,17,LABOULAYE,248,ESC PRESIDENTE R SAENZ PEÑA,6830,0,2,31,1,0,1,34,1,2,121,0,3,0,4,200,36,2,0,238
San Javier,19,DOLORES,268,ESC MARIANO MORENO,6992,1,1,15,4,1,0,16,7,0,110,0,0,0,5,160,53,7,0,220
San Javier,19,DOLORES,268,ESC MANUEL BELGRANO,7038,0,3,38,3,0,0,28,9,0,104,1,2,0,1,189,38,0,2,229
San Justo,20,PROSPERIDAD,306,ESC PROV SANTIAGO DERQUI,7476,0,0,32,0,0,0,32,0,1,83,7,0,0,3,158,25,0,2,185
San Justo,20,SAN FRANCISCO SECC. NORTE,310A,ESC DOMINGO F SARMIENTO,7596,0,1,47,13,3,1,17,6,0,88,1,1,4,6,220,22,8,0,250
Santa María,21,ALTA GRACIA,316,INST SUP ANGLO AMERICANO,7715,2,5,49,3,4,1,25,12,2,101,0,3,3,3,213,30,10,2,255
Santa María,21,ALTA GRACIA,316,INST SUP ANGLO AMERICANO,7716,8,5,31,9,1,0,20,11,3,90,1,4,1,6,0,35,6,0,0
Santa María,21,ALTA GRACIA,316,ESCUELA SAN MARTIN,7729,0,8,21,3,0,1,18,5,3,152,1,2,0,6,214,38,0,7,259
Santa María,21,ALTA GRACIA,316,ESCUELA SAN MARTIN,7733,0,7,40,9,0,3,17,5,0,106,0,4,5,4,206,34,0,12,246
Santa María,21,ALTA GRACIA,316,ESCUELA SAN MARTIN,7737,0,2,37,8,2,1,20,55,0,128,2,0,0,5,210,43,1,3,257
Santa María,21,ALTA GRACIA,316,ESC REPUBLICA ITALIANA,7740,3,4,33,4,0,0,19,6,2,104,2,3,4,1,185,41,0,22,248
Santa María,21,ALTA GRACIA,316,ESCUELA MANUEL SOLARES,7780,0,1,36,7,0,1,17,7,3,121,1,6,2,6,208,35,0,0,243
Tercero Arriba,23,HERNANDO,340,COLEGIO DIVINO CORAZON,8041,0,3,52,5,2,4,37,2,3,92,0,0,1,6,207,48,7,0,262
Tercero Arriba,23,HERNANDO,340,ESC PABLO A PIZZURNO,8050,0,3,55,2,0,3,35,3,1,104,1,2,2,1,212,28,0,4,244
Tercero Arriba,23,HERNANDO,340,ESC LA STMA TRINIDAD,8055,0,5,55,7,2,1,29,6,2,95,0,1,3,4,210,30,0,7,247
Tercero Arriba,23,JAMES CRAIK,341,INST SEC JOSE M ESTRADA,8065,0,6,42,6,2,0,33,1,2,144,1,0,0,2,239,9,7,0,255
Tercero Arriba,23,OLIVA,344,ESC PROV BARTOLOME MITRE,8091,0,4,31,2,15,0,28,8,0,108,3,2,2,2,205,37,6,0,248
Tercero Arriba,23,OLIVA,344,ESC PROV BARTOLOME MITRE,8096,0,2,56,2,10,0,34,3,1,90,0,1,0,6,205,33,4,10,242
Tercero Arriba,23,OLIVA,344,ESC PROV BARTOLOME MITRE,8097,0,1,41,6,7,2,47,5,0,101,0,2,0,1,213,34,6,0,254
Tercero Arriba,23,OLIVA,344,C0LEGIO SAGRADO CORAZON,8098,0,3,50,3,12,0,30,8,0,110,0,3,0,1,220,29,8,0,257
Tercero Arriba,23,OLIVA,344,C0LEGIO SAGRADO CORAZON,8101,1,5,30,4,14,0,25,4,2,116,1,2,1,1,206,26,4,0,236
Tercero Arriba,23,OLIVA,344,C0LEGIO SAGRADO CORAZON,8102,0,4,22,2,13,1,28,4,1,127,0,3,0,3,208,29,8,0,245
Tercero Arriba,23,OLIVA,344,C0LEGIO SAGRADO CORAZON,8108,0,2,53,4,15,0,31,6,0,106,0,2,2,1,222,19,7,0,248
Tercero Arriba,23,OLIVA,344,ESCUELA NAC.DE COMERCIO,8113,0,3,25,2,13,0,29,3,1,125,1,3,2,0,207,23,2,0,232
Tercero Arriba,23,OLIVA,344,ESCUELA NAC.DE COMERCIO,8123,1,2,43,2,10,0,32,5,0,98,1,4,0,1,0,24,5,0,228
Tercero Arriba,23,PUNTA DEL AGUA,347,ESC.PROV.S.A.GUTIERREZ,8130,0,3,19,1,0,0,30,3,0,100,0,0,0,0,161,17,4,0,182
Tercero Arriba,23,LAS ISLETILLAS,347A,ESC PROV GABRIELA MISTRAL,8131,0,4,36,3,0,1,19,0,1,94,0,0,0,1,159,21,5,0,0
Tercero Arriba,23,RIO TERCERO,348,ESCUELA N° 402,8240,1,6,34,6,1,0,20,10,2,109,0,7,0,6,203,35,13,0,250
Unión,26,BELL VILLE,375,ESC F AMEGHINO,8422,0,1,33,4,0,0,38,4,0,90,0,3,1,3,177,42,6,0,225
Unión,26,BELL VILLE,375,ESCUELA A MATTERSON,8438,0,0,37,2,0,0,48,5,1,72,1,1,2,3,172,53,10,0,235
Unión,26,BELL VILLE,375,ESCUELA A MATTERSON,8439,0,3,37,4,1,1,45,0,1,114,1,1,0,2,210,36,0,6,252
Unión,26,BELL VILLE,375,ESC PONCIANO VIVANCO,8455,0,6,23,2,4,2,46,4,2,80,0,1,1,2,173,32,8,0,213
Unión,26,LABORDE,389,ESCUELA PROV DARDO ROCHA,8542,0,0,22,2,3,0,27,3,0,144,0,0,0,0,201,52,0,0,253
Unión,26,MONTE MAIZ,391,INSTITUTO SAGRADO CORAZON,8559,0,1,31,3,0,0,22,1,0,138,0,1,0,1,198,41,7,0,246
Unión,26,POSSE,396,INST DALMACIO VELEZ SARSFIELD,8611,0,1,55,5,1,0,23,3,0,125,0,2,2,3,220,6,7,0,233
